Id,FirstName,LastName,Street,City,State,Zip
1,Travis,Taylor,Logla Manor,Abgacre,DC,90391
2,Bettie,Perez,Zoze Square,Demguhwiw,NM,01732
3,Austin,Fisher,Lafpo Boulevard,Fubamor,DE,01730
4,Fred,Hudson,Nairo Terrace,Zekohfu,CO,04541
5,Cameron,Parsons,Fowga Glen,Awedodut,FL,61759
6,Owen,Wilkerson,Zohmut Park,Jeepla,CA,12517
7,William,Cooper,Odwi Key,Tuhutcut,TX,52941
8,Nancy,Burke,Finno View,Cunhorkob,MA,61754
9,Linnie,Meyer,Puwla Loop,Esupurvu,OH,16865
10,Mable,Lamb,Botop Place,Zepurawa,ID,12320
11,Tony,Brown,Wonet Road,Furtihi,KY,46441
12,Bryan,Garza,Fukrot Drive,Itiwanok,WY,53141
13,Estelle,Chambers,Jivo Trail,Zonleneg,IN,32194
14,Genevieve,Williamson,Owew Highway,Agsenu,SC,43450
15,Eunice,Blake,Raram Point,Mijejo,CT,41556
16,Lucinda,Harris,Nisge Highway,Ijdukveb,IL,95945
17,Vera,Mann,Epdig Road,Meuptar,ID,68224
18,Marvin,Dean,Bisas Street,Ubuweza,CA,31541
19,Mario,Valdez,Hoese Pass,Woecovi,MN,17827
20,Lula,Obrien,Jisi Loop,Judoew,CA,17595
21,Mable,Pearson,Pofek Center,Ufiloupi,VA,66853
22,Lura,Ramsey,Tilmip Extension,Dinidano,OK,28135
23,David,Gordon,Esne Grove,Zattefed,NY,30108
24,Lloyd,Stanley,Watpa Key,Vebanig,KS,62140
25,Earl,Ryan,Egkeb Path,Nopovdu,MN,62940
26,Emma,Scott,Viwe Lane,Liijawaz,MA,97748
27,Manuel,Lee,Anteg Pass,Jobemuv,MS,06294
28,Mabelle,Welch,Ijaz Point,Seabpin,AZ,41434
29,Chase,Walsh,Iwko Manor,Ifecobu,WA,93304
30,Howard,Reese,Imma Circle,Ontogor,GA,06387
31,Jerry,Ray,Debvuv Grove,Demifjo,HI,02596
32,Josephine,McGuire,Agetis Highway,Ofosavuf,MD,70041
33,Hilda,Knight,Saoj Parkway,Bapiac,NH,12033
34,Isabelle,Romero,Agva Extension,Sijuiwe,NC,39405
35,Anthony,Perez,Ziid Court,Ipiborul,MN,49559
36,Carrie,Hogan,Taleh Highway,Monhugvon,SC,53916
37,Blake,Vaughn,Wiwgi View,Govjewu,SD,22577
38,Lucas,Morales,Kuzmo Pass,Behitri,MN,77350
39,Victoria,Casey,Gikema Manor,Edficcig,KY,87376
40,Kenneth,Becker,Odbed Highway,Jogizba,RI,28974
41,Stella,McCoy,Fedi Circle,Zaponik,FL,47384
42,Lura,Schwartz,Neheni Grove,Pamadem,OH,34411
43,Mark,Hall,Rusco Path,Ujetavej,RI,19606
44,Minerva,Hampton,Gigru Place,Uwumijad,MT,64467
45,Stanley,Caldwell,Etnuw Road,Pesjeru,SD,43850
46,Janie,Ball,Woge Plaza,Vonsaoji,AZ,59892
47,Belle,Douglas,Farbi Point,Bavsidoz,WY,91831
48,Dollie,Willis,Wivco Path,Nursaez,HI,47132
49,Nettie,McCoy,Cewo Path,Sesosgo,MD,55191
50,Violet,Beck,Ojeab Point,Ifiomiva,NY,78172
51,Mark,Fields,Jibbu Court,Gunuuk,NV,67555
52,Winifred,Davidson,Nurtum Grove,Uvpacwir,AZ,62844
53,Anthony,Hampton,Vosa River,Kaldiak,NY,19680
54,Susie,Wagner,Ceiba Pass,Igemunwa,DC,21575
55,Luella,Hubbard,Vohgib River,Zubazja,FL,50961
56,Jimmy,Brock,Vimwu Highway,Doprefe,KS,63959
57,Marie,Herrera,Beje Key,Lusokaw,SD,10030
58,Victoria,Greer,Mapam Grove,Gorhomodu,MT,40157
59,Leon,Cannon,Hacke Manor,Mofsepolo,FL,82960
60,Bernard,Carlson,Gaji Place,Cozgagbop,ND,29665
61,Randy,Castillo,Julifo Place,Kalisi,ND,40751
62,Grace,Curtis,Dihep River,Laibere,CA,68222
63,Bess,Valdez,Haib Highway,Pusvuvko,MT,77145
64,Gussie,Long,Nesal Glen,Wibjujtav,VA,43016
65,Georgie,Conner,Luar Boulevard,Finalwic,KS,69174
66,Ollie,Harrison,Izuso Mill,Depkakbod,UT,89648
67,Jeanette,Harvey,Dusef Mill,Rutokcub,ND,42931
68,Agnes,Joseph,Gacwig Place,Emasuna,IN,21957
69,Effie,Gutierrez,Tucdem Turnpike,Ifuhindib,WV,53897
70,Leonard,Taylor,Gijev Road,Tebsuelo,FL,12356
71,William,Chavez,Iburez Pike,Ijigidra,CA,35821
72,Milton,Gray,Pesav Trail,Emfiwvak,IN,74930
73,Lucille,Becker,Picod Glen,Vuzhaof,TN,49967
74,Andrew,Carr,Urror Pass,Udipagu,MT,85114
75,Louis,Cortez,Rusu Court,Zilwumoc,NJ,49100
76,Mattie,Hansen,Dalak Grove,Zegwiwsuh,SC,06276
77,Iva,McKenzie,Hawu Square,Jiwfikpu,SD,07130
78,Minerva,Fleming,Awujo Place,Monuof,PA,15458
79,Cecelia,Lowe,Juclim Pike,Mifjuzga,AR,41404
80,Agnes,Morton,Gomiwu Avenue,Heekais,NJ,67100
81,Martin,Howell,Kiacu Square,Etulokozo,DE,20900
82,Lelia,Page,Zuon View,Hifudben,HI,15407
83,Mayme,Nelson,Gupiwe Drive,Riisaje,MS,29954
84,Alejandro,Fields,Fibom Highway,Zikvaref,VT,01953
85,Sophie,Houston,Jaik Grove,Cunogej,TN,84054
86,Jimmy,Ball,Lifha Trail,Nevjogloz,MD,95910
87,Hunter,Rowe,Sabev Drive,Kigehtuc,VA,06206
88,Curtis,Yates,Opuere Way,Johkiabe,KS,31336
89,Lucille,Curtis,Cetsur Grove,Jekubecit,ID,89941
90,Albert,Harper,Rurkot Loop,Cufibe,ID,66044
91,Belle,Wong,Zijet Lane,Ceofke,AK,68549
92,Eugene,Stokes,Ogujup Pass,Ocivowi,NJ,34365
93,Emily,Walters,Poznuh Highway,Omosofi,LA,48239
94,Minnie,Phelps,Giras Point,Ruenoidi,SC,31271
95,Lura,Bowman,Ujihu Highway,Rerigaog,TX,62317
96,Catherine,Dawson,Ijon Place,Tenufelo,MI,13560
97,Flora,Jacobs,Fukam River,Rejkalfag,AL,49012
98,May,Butler,Luwuc River,Waloom,UT,55482
99,Russell,Diaz,Ajelu Turnpike,Aregobcah,NM,64316
100,Alvin,Harmon,Upof Avenue,Cobemgud,UT,47593
